-- MySQL Script generated by MySQL Workbench
-- Mon Aug 17 12:58:12 2020
-- Model: New Model    Version: 1.0
-- MySQL Workbench Forward Engineering

SET @OLD_UNIQUE_CHECKS=@@UNIQUE_CHECKS, UNIQUE_CHECKS=0;
SET @OLD_FOREIGN_KEY_CHECKS=@@FOREIGN_KEY_CHECKS, FOREIGN_KEY_CHECKS=0;
SET @OLD_SQL_MODE=@@SQL_MODE, SQL_MODE='ONLY_FULL_GROUP_BY,STRICT_TRANS_TABLES,NO_ZERO_IN_DATE,NO_ZERO_DATE,ERROR_FOR_DIVISION_BY_ZERO,NO_ENGINE_SUBSTITUTION';

-- -----------------------------------------------------
-- Schema mydb
-- -----------------------------------------------------
-- -----------------------------------------------------
-- Schema sga
-- -----------------------------------------------------

-- -----------------------------------------------------
-- Schema sga
-- -----------------------------------------------------
CREATE SCHEMA IF NOT EXISTS `sga` DEFAULT CHARACTER SET utf8mb4 COLLATE utf8mb4_0900_ai_ci ;
USE `sga` ;

-- -----------------------------------------------------
-- Table `sga`.`contacto`
-- -----------------------------------------------------
CREATE TABLE IF NOT EXISTS `sga`.`contacto` (
  `id_contacto` INT NOT NULL AUTO_INCREMENT,
  `telefono` VARCHAR(45) NULL DEFAULT NULL,
  `email` VARCHAR(45) NULL DEFAULT NULL,
  PRIMARY KEY (`id_contacto`))
ENGINE = InnoDB
AUTO_INCREMENT = 6
DEFAULT CHARACTER SET = utf8mb4
COLLATE = utf8mb4_0900_ai_ci;


-- -----------------------------------------------------
-- Table `sga`.`domicilio`
-- -----------------------------------------------------
CREATE TABLE IF NOT EXISTS `sga`.`domicilio` (
  `id_domicilio` INT NOT NULL AUTO_INCREMENT,
  `calle` VARCHAR(45) NULL DEFAULT NULL,
  `no_calle` VARCHAR(45) NULL DEFAULT NULL,
  `pais` VARCHAR(45) NULL DEFAULT NULL,
  PRIMARY KEY (`id_domicilio`))
ENGINE = InnoDB
AUTO_INCREMENT = 5
DEFAULT CHARACTER SET = utf8mb4
COLLATE = utf8mb4_0900_ai_ci;


-- -----------------------------------------------------
-- Table `sga`.`alumno`
-- -----------------------------------------------------
CREATE TABLE IF NOT EXISTS `sga`.`alumno` (
  `id_alumno` INT NOT NULL AUTO_INCREMENT,
  `id_domicilio` INT NULL DEFAULT NULL,
  `id_contacto` INT NULL DEFAULT NULL,
  `nombre` VARCHAR(45) NULL DEFAULT NULL,
  `apellido` VARCHAR(45) NULL DEFAULT NULL,
  PRIMARY KEY (`id_alumno`),
  INDEX `fk_domicilio_idx` (`id_domicilio` ASC) VISIBLE,
  INDEX `fk_contacto_idx` (`id_contacto` ASC) VISIBLE,
  CONSTRAINT `fk_contacto`
    FOREIGN KEY (`id_contacto`)
    REFERENCES `sga`.`contacto` (`id_contacto`),
  CONSTRAINT `fk_domicilio`
    FOREIGN KEY (`id_domicilio`)
    REFERENCES `sga`.`domicilio` (`id_domicilio`))
ENGINE = InnoDB
AUTO_INCREMENT = 5
DEFAULT CHARACTER SET = utf8mb4
COLLATE = utf8mb4_0900_ai_ci;


-- -----------------------------------------------------
-- Table `sga`.`curso`
-- -----------------------------------------------------
CREATE TABLE IF NOT EXISTS `sga`.`curso` (
  `id_curso` INT NOT NULL AUTO_INCREMENT,
  `nombre` VARCHAR(45) NULL DEFAULT NULL,
  `precio` DOUBLE NULL DEFAULT NULL,
  PRIMARY KEY (`id_curso`))
ENGINE = InnoDB
AUTO_INCREMENT = 3
DEFAULT CHARACTER SET = utf8mb4
COLLATE = utf8mb4_0900_ai_ci;


-- -----------------------------------------------------
-- Table `sga`.`asignacion`
-- -----------------------------------------------------
CREATE TABLE IF NOT EXISTS `sga`.`asignacion` (
  `id_asignacion` INT NOT NULL AUTO_INCREMENT,
  `id_alumno` INT NULL DEFAULT NULL,
  `id_curso` INT NULL DEFAULT NULL,
  `turno` VARCHAR(45) NULL DEFAULT NULL,
  PRIMARY KEY (`id_asignacion`),
  INDEX `fk_alumno_idx` (`id_alumno` ASC) VISIBLE,
  INDEX `fk_curso_idx` (`id_curso` ASC) VISIBLE,
  CONSTRAINT `fk_alumno`
    FOREIGN KEY (`id_alumno`)
    REFERENCES `sga`.`alumno` (`id_alumno`),
  CONSTRAINT `fk_curso`
    FOREIGN KEY (`id_curso`)
    REFERENCES `sga`.`curso` (`id_curso`))
ENGINE = InnoDB
AUTO_INCREMENT = 4
DEFAULT CHARACTER SET = utf8mb4
COLLATE = utf8mb4_0900_ai_ci;

--
-- Dumping data for table `alumno`
--

LOCK TABLES `alumno` WRITE;
/*!40000 ALTER TABLE `alumno` DISABLE KEYS */;
INSERT INTO `alumno` VALUES (1,1,1,'Juan','Perez'),(2,2,2,'Karla','Gomez'),(3,3,4,'Catalina','Lara'),(4,4,5,'Alma','Rogriguez');
/*!40000 ALTER TABLE `alumno` ENABLE KEYS */;
UNLOCK TABLES;
/*!40103 SET TIME_ZONE=@OLD_TIME_ZONE */;

--
-- Dumping data for table `curso`
--

LOCK TABLES `curso` WRITE;
/*!40000 ALTER TABLE `curso` DISABLE KEYS */;
INSERT INTO `curso` VALUES (1,'JAVA',200),(2,'PHP',210);
/*!40000 ALTER TABLE `curso` ENABLE KEYS */;
UNLOCK TABLES;
/*!40103 SET TIME_ZONE=@OLD_TIME_ZONE */;


--
-- Dumping data for table `contacto`
--

LOCK TABLES `contacto` WRITE;
/*!40000 ALTER TABLE `contacto` DISABLE KEYS */;
INSERT INTO `contacto` VALUES (1,'5454541','jperez@mail.com'),(2,'46546454','kgomez@mail.com'),(4,'54545454','clara@mail.com'),(5,'8748954','arodriguez@mail.com');
/*!40000 ALTER TABLE `contacto` ENABLE KEYS */;
UNLOCK TABLES;
/*!40103 SET TIME_ZONE=@OLD_TIME_ZONE */;

--
-- Dumping data for table `domicilio`
--

LOCK TABLES `domicilio` WRITE;
/*!40000 ALTER TABLE `domicilio` DISABLE KEYS */;
INSERT INTO `domicilio` VALUES (1,'Saturno','87','Mexico'),(2,'Pluton','897','Colombia'),(3,'Loma','15.2','Mexico'),(4,'Jupiter','15','Mexico');
/*!40000 ALTER TABLE `domicilio` ENABLE KEYS */;
UNLOCK TABLES;
/*!40103 SET TIME_ZONE=@OLD_TIME_ZONE */;

--
-- Dumping data for table `alumno`
--

LOCK TABLES `alumno` WRITE;
/*!40000 ALTER TABLE `alumno` DISABLE KEYS */;
INSERT INTO `alumno` VALUES (1,1,1,'Juan','Perez'),(2,2,2,'Karla','Gomez'),(3,3,4,'Catalina','Lara'),(4,4,5,'Alma','Rogriguez');
/*!40000 ALTER TABLE `alumno` ENABLE KEYS */;
UNLOCK TABLES;
/*!40103 SET TIME_ZONE=@OLD_TIME_ZONE */;

--
-- Dumping data for table `asignacion`
--

LOCK TABLES `asignacion` WRITE;
/*!40000 ALTER TABLE `asignacion` DISABLE KEYS */;
INSERT INTO `asignacion` VALUES (1,1,1,'Matutino'),(2,2,2,'Vespertino'),(3,1,2,'Vespertino');
/*!40000 ALTER TABLE `asignacion` ENABLE KEYS */;
UNLOCK TABLES;
/*!40103 SET TIME_ZONE=@OLD_TIME_ZONE */;


SET SQL_MODE=@OLD_SQL_MODE;
SET FOREIGN_KEY_CHECKS=@OLD_FOREIGN_KEY_CHECKS;
SET UNIQUE_CHECKS=@OLD_UNIQUE_CHECKS;
